name,salary
Aaron Rodgers,"$33,500,000  "
Matt Ryan,"$30,000,000  "
Kirk Cousins,"$28,000,000  "
Jimmy Garoppolo,"$27,500,000  "
Matthew Stafford,"$27,000,000  "
Derek Carr,"$25,000,000  "
Drew Brees,"$25,000,000  "
Andrew Luck,"$24,594,000  "
Khalil Mack,"$23,500,000  "
Alex Smith,"$23,500,000  "
Aaron Donald,"$22,500,000  "
Joe Flacco,"$22,133,333  "
Russell Wilson,"$21,900,000  "
Ben Roethlisberger,"$21,850,000  "
Eli Manning,"$21,000,000  "
Philip Rivers,"$20,812,500  "
Cam Newton,"$20,760,000  "
Ryan Tannehill,"$19,250,000  "
Von Miller,"$19,016,667  "
"Odell Beckham, Jr.","$18,000,000  "
Blake Bortles,"$18,000,000  "
Case Keenum,"$18,000,000  "
Ezekiel Ansah,"$17,143,000  "
DeMarcus Lawrence,"$17,143,000  "
Fletcher Cox,"$17,100,000  "
Olivier Vernon,"$17,000,000  "
Antonio Brown,"$17,000,000  "
Justin Houston,"$16,833,333  "
J.J. Watt,"$16,667,571  "
Mike Evans,"$16,500,000  "
Chandler Jones,"$16,500,000  "
Geno Atkins,"$16,300,000  "
Brandin Cooks,"$16,200,000  "
DeAndre Hopkins,"$16,200,000  "
Kawann Short,"$16,100,000  "
Marcell Dareus,"$16,095,686  "
Sammy Watkins,"$16,000,000  "
Andy Dalton,"$16,000,000  "
Taylor Lewan,"$16,000,000  "
Melvin Ingram,"$16,000,000  "
Gerald McCoy,"$15,866,667  "
Jason Pierre-Paul,"$15,500,000  "
Nate Solder,"$15,500,000  "
Tyrod Taylor,"$15,250,000  "
Jurrell Casey,"$15,100,000  "
Jarvis Landry,"$15,100,000  "
Josh Norman,"$15,000,000  "
Tom Brady,"$15,000,000  "
A.J. Green,"$15,000,000  "
Calais Campbell,"$15,000,000  "
Jake Matthews,"$14,500,000  "
Davante Adams,"$14,500,000  "
Trumaine Johnson,"$14,500,000  "
Everson Griffen,"$14,500,000  "
Danielle Hunter,"$14,400,000  "
Stefon Diggs,"$14,400,000  "
Todd Gurley,"$14,375,000  "
Robert Quinn,"$14,253,724  "
Julio Jones,"$14,251,209  "
Malik Jackson,"$14,250,000  "
Xavier Rhodes,"$14,020,000  "
Patrick Peterson,"$14,010,000  "
Ndamukong Suh,"$14,000,000  "
Allen Robinson,"$14,000,000  "
Kyle Fuller,"$14,000,000  "
Zack Martin,"$14,000,000  "
Demaryius Thomas,"$14,000,000  "
Desmond Trufant,"$13,750,000  "
Trent Williams,"$13,600,000  "
Carlos Dunlap,"$13,550,000  "
A.J. Bouye,"$13,500,000  "
Andrew Norwell,"$13,300,000  "
Russell Okung,"$13,250,000  "
Clay Matthews,"$13,200,000  "
Alshon Jeffery,"$13,000,000  "
Eric Berry,"$13,000,000  "
Stephon Gilmore,"$13,000,000  "
David Johnson,"$13,000,000  "
Terron Armstead,"$13,000,000  "
T.Y. Hilton,"$13,000,000  "
Linval Joseph,"$12,587,500  "
Janoris Jenkins,"$12,500,000  "
Jamie Collins,"$12,500,000  "
Luke Kuechly,"$12,360,313  "
Malcolm Butler,"$12,250,000  "
Tyron Smith,"$12,200,000  "
Darius Slay,"$12,037,500  "
Stephon Tuitt,"$12,000,288  "
Akiem Hicks,"$12,000,000  "
Timmy Jernigan,"$12,000,000  "
Eric Fisher,"$12,000,000  "
Cordy Glenn,"$12,000,000  "
Kam Chancellor,"$12,000,000  "
Reshad Jones,"$12,000,000  "
Kevin Zeitler,"$12,000,000  "
David Bakhtiari,"$12,000,000  "
Nick Perry,"$11,800,000  "
Riley Reiff,"$11,750,000  "
Kelechi Osemele,"$11,700,000  "
Ryan Kerrigan,"$11,500,000  "
Doug Baldwin,"$11,500,000  "
Duane Brown,"$11,500,000  "
LaMarcus Joyner,"$11,287,000  "
Telvin Smith,"$11,262,794  "
Lane Johnson,"$11,252,000  "
Andrew Whitworth,"$11,250,000  "
Keenan Allen,"$11,250,000  "
Trai Turner,"$11,250,000  "
DeSean Jackson,"$11,166,667  "
Matt Kalil,"$11,100,000  "
Michael Brockers,"$11,083,333  "
Casey Hayward,"$11,083,333  "
Gabe Jackson,"$11,000,000  "
Larry Fitzgerald,"$11,000,000  "
Emmanuel Sanders,"$11,000,000  "
Cameron Jordan,"$11,000,000  "
Anthony Castonzo,"$10,953,000  "
Vontaze Burfict,"$10,844,667  "
Ali Marpet,"$10,825,000  "
Tyler Boyd,"$10,762,500  "
Bobby Wagner,"$10,750,000  "
Alec Ogletree,"$10,687,500  "
Eddie Goldman,"$10,510,000  "
Ryan Jensen,"$10,500,000  "
Dre Kirkpatrick,"$10,500,000  "
Brandon Williams,"$10,500,000  "
Brandon Linder,"$10,340,600  "
Jimmy Smith,"$10,275,500  "
Harrison Smith,"$10,250,000  "
Tyler Lockett,"$10,250,000  "
Corey Liuget,"$10,250,000  "
Mike Daniels,"$10,250,000  "
Michael Bennett,"$10,166,667  "
Lavonte David,"$10,050,000  "
Eric Kendricks,"$10,000,000  "
Kyle Long,"$10,000,000  "
Star Lotulelei,"$10,000,000  "
Benardrick McKinney,"$10,000,000  "
Earl Thomas,"$10,000,000  "
Logan Ryan,"$10,000,000  "
David DeCastro,"$10,000,000  "
Randall Cobb,"$10,000,000  "
Jimmy Graham,"$10,000,000  "
Josh McCown,"$10,000,000  "
Cameron Heyward,"$9,866,667  "
Donte Moncrief,"$9,600,000  "
Aqib Talib,"$9,500,000  "
Robert Alford,"$9,500,000  "
T.J. Lang,"$9,500,000  "
Ricky Wagner,"$9,500,000  "
Devin McCourty,"$9,500,000  "
Christian Kirksey,"$9,500,000  "
Weston Richburg,"$9,500,000  "
Pierre Garcon,"$9,500,000  "
Travis Frederick,"$9,400,010  "
Travis Kelce,"$9,368,400  "
Jordan Reed,"$9,350,000  "
Donald Penn,"$9,350,000  "
Dontari Poe,"$9,333,333  "
Jason Peters,"$9,250,000  "
Charles Leno,"$9,250,000  "
Damon Harrison,"$9,250,000  "
Derek Wolfe,"$9,175,000  "
Richard Sherman,"$9,050,000  "
Prince Amukamara,"$9,000,000  "
Mark Barron,"$9,000,000  "
Jerry Hughes,"$9,000,000  "
Alex Mack,"$9,000,000  "
Anthony Hitchens,"$9,000,000  "
Tyrone Crawford,"$9,000,000  "
Rob Gronkowski,"$9,000,000  "
Shaq Mason,"$9,000,000  "
Justin Britt,"$9,000,000  "
Joe Haden,"$9,000,000  "
Ron Leary,"$9,000,000  "
Justin Pugh,"$8,955,000  "
Rodney Hudson,"$8,900,000  "
Dont'a Hightower,"$8,875,000  "
Maurkice Pouncey,"$8,827,325  "
Malcolm Jenkins,"$8,750,000  "
Greg Olsen,"$8,550,000  "
Joel Bitonio,"$8,527,463  "
Jabaal Sheard,"$8,500,000  "
Zach Ertz,"$8,500,000  "
Kareem Jackson,"$8,500,000  "
Aaron Colvin,"$8,500,000  "
Delanie Walker,"$8,500,000  "
Tony Jefferson,"$8,500,000  "
Marqise Lee,"$8,500,000  "
Chris Harris,"$8,500,000  "
Corey Linsley,"$8,500,000  "
Larry Warford,"$8,500,000  "
Laurent Duvernay-Tardif,"$8,472,600  "
Ryan Kalil,"$8,375,000  "
Devonta Freeman,"$8,250,000  "
Baker Mayfield,"$8,170,745  "
Rob Havenstein,"$8,125,000  "
Cameron Wake,"$8,062,500  "
Demario Davis,"$8,000,000  "
Sheldon Richardson,"$8,000,000  "
Brandon Brooks,"$8,000,000  "
Trey Burton,"$8,000,000  "
LeSean McCoy,"$8,000,000  "
Nigel Bradham,"$8,000,000  "
Paul Richardson,"$8,000,000  "
Zach Brown,"$8,000,000  "
Marvin Jones,"$8,000,000  "
Andre Branch,"$8,000,000  "
Kenny Stills,"$8,000,000  "
Albert Wilson,"$8,000,000  "
Mike Iupati,"$8,000,000  "
Brandon Marshall,"$8,000,000  "
Kelvin Beachum,"$8,000,000  "
Marshal Yanda,"$7,979,412  "
Andy Levitre,"$7,800,000  "
Saquon Barkley,"$7,798,688  "
Brian Orakpo,"$7,750,000  "
Travis Carrie,"$7,750,000  "
Morgan Moses,"$7,700,000  "
La'el Collins,"$7,700,000  "
Vinny Curry,"$7,666,667  "
Myles Garrett,"$7,603,064  "
Charles Clay,"$7,600,000  "
Sam Darnold,"$7,561,929  "
Avery Williamson,"$7,500,000  "
Trent Murphy,"$7,500,000  "
Mario Addison,"$7,500,000  "
Mike Pouncey,"$7,500,000  "
Jerick McKinnon,"$7,500,000  "
Joe Staley,"$7,441,667  "
Max Unger,"$7,400,000  "
Dwayne Allen,"$7,350,000  "
Kyle Rudolph,"$7,300,000  "
Chris Hubbard,"$7,300,000  "
Denzel Ward,"$7,291,339  "
Mitchell Trubisky,"$7,258,106  "
Brian Winters,"$7,250,000  "
Kiko Alonso,"$7,227,500  "
Tashaun Gipson,"$7,200,000  "
Jordy Nelson,"$7,100,000  "
Solomon Thomas,"$7,038,592  "
Morris Claiborne,"$7,000,000  "
Rodney McLeod,"$7,000,000  "
Brent Grimes,"$7,000,000  "
Danny Trevathan,"$7,000,000  "
Sean Lee,"$7,000,000  "
Tyrann Mathieu,"$7,000,000  "
Zach Fulton,"$7,000,000  "
Tavon Austin,"$7,000,000  "
DaQuan Jones,"$7,000,000  "
Jermaine Gresham,"$7,000,000  "
Michael Crabtree,"$7,000,000  "
Jared Veldheer,"$7,000,000  "
Darian Stewart,"$7,000,000  "
Jared Goff,"$6,984,418  "
Spencer Long,"$6,850,000  "
Bradley Chubb,"$6,817,810  "
Cameron Brate,"$6,800,000  "
Robert Woods,"$6,800,000  "
Leonard Fournette,"$6,787,711  "
K.J. Wright,"$6,750,000  "
Josh Sitton,"$6,750,000  "
Derrick Morgan,"$6,750,000  "
Bobby McCain,"$6,750,000  "
Thomas Davis,"$6,750,000  "
Bryan Bulaga,"$6,750,000  "
Carson Wentz,"$6,669,085  "
Mitchell Schwartz,"$6,600,000  "
Vance McDonald,"$6,550,000  "
Eric Ebron,"$6,500,000  "
Jaquiski Tartt,"$6,500,000  "
Brandon Graham,"$6,500,000  "
Taylor Gabriel,"$6,500,000  "
Mohamed Sanu,"$6,500,000  "
Ricardo Allen,"$6,500,000  "
Glover Quin,"$6,500,000  "
Lamar Miller,"$6,500,000  "
Whitney Mercilus,"$6,500,000  "
Josh Kline,"$6,500,000  "
Eric Weddle,"$6,500,000  "
Marcus Cannon,"$6,482,000  "
Joey Bosa,"$6,468,421  "
Marquise Goodwin,"$6,416,667  "
Jermey Parnell,"$6,400,000  "
Corey Davis,"$6,348,672  "
Jameis Winston,"$6,337,819  "
Tahir Whitehead,"$6,333,333  "
D.J. Hayden,"$6,333,333  "
Jack Doyle,"$6,300,000  "
Ryan Schraeder,"$6,300,000  "
Rodger Saffold,"$6,269,447  "
Jason Kelce,"$6,250,000  "
Allen Bailey,"$6,250,000  "
John Cyprien,"$6,250,000  "
Buster Skrine,"$6,250,000  "
Ezekiel Elliott,"$6,239,085  "
Golden Tate,"$6,200,000  "
Quandre Diggs,"$6,200,000  "
Vince Williams,"$6,200,000  "
Marcus Gilbert,"$6,163,000  "
Micah Hyde,"$6,100,000  "
Marcus Mariota,"$6,053,494  "
T.J. McDonald,"$6,002,500  "
Mike Remmers,"$6,000,000  "
Teddy Bridgewater,"$6,000,000  "
Dion Sims,"$6,000,000  "
Bobby Massie,"$6,000,000  "
Allen Hurns,"$6,000,000  "
Danny Amendola,"$6,000,000  "
Alejandro Villanueva,"$6,000,000  "
Travis Benjamin,"$6,000,000  "
A.J. Klein,"$6,000,000  "
Quenton Nelson,"$5,972,227  "
Denico Autry,"$5,933,333  "
Kyle Van Noy,"$5,878,548  "
Brandon Carr,"$5,875,000  "
Dante Fowler Jr.,"$5,872,563  "
Jalen Ramsey,"$5,837,750  "
Devon Kennard,"$5,750,000  "
Amari Cooper,"$5,665,779  "
Jahleel Addae,"$5,625,000  "
J.C. Tretter,"$5,583,333  "
Jadeveon Clowney,"$5,568,250  "
Jamal Adams,"$5,564,685  "
Nick Foles,"$5,500,000  "
Laken Tomlinson,"$5,500,000  "
William Gholston,"$5,500,000  "
Demar Dotson,"$5,500,000  "
Kyle Williams,"$5,500,000  "
Julian Edelman,"$5,500,000  "
Tyler Eifert,"$5,500,000  "
Rashaan Melvin,"$5,500,000  "
Lane Taylor,"$5,500,000  "
Kurt Coleman,"$5,450,000  "
John Sullivan,"$5,375,000  "
Brandon Scherff,"$5,303,910  "
Malcolm Smith,"$5,300,000  "
Jared Cook,"$5,300,000  "
Josh Allen,"$5,295,760  "
Kyle Juszczyk,"$5,250,000  "
Austin Seferian-Jenkins,"$5,250,000  "
Nickell Robey-Coleman,"$5,225,000  "
Duke Johnson,"$5,203,333  "
Clint Boling,"$5,200,000  "
Terrell Suggs,"$5,175,000  "
Giovani Bernard,"$5,166,667  "
Ronnie Stanley,"$5,121,083  "
Carlos Hyde,"$5,083,333  "
Shawn Williams,"$5,046,250  "
Ryan Grant,"$5,000,000  "
Latavius Murray,"$5,000,000  "
Patrick Robinson,"$5,000,000  "
Beau Allen,"$5,000,000  "
Vernon Davis,"$5,000,000  "
Stacy McGee,"$5,000,000  "
Chase Daniel,"$5,000,000  "
Adrian Clayborn,"$5,000,000  "
Johnathan Joseph,"$5,000,000  "
Andre Hal,"$5,000,000  "
Kareem Martin,"$5,000,000  "
A.J. McCarron,"$5,000,000  "
Julius Peppers,"$5,000,000  "
Torrey Smith,"$5,000,000  "
John Brown,"$5,000,000  "
Todd Davis,"$5,000,000  "
Muhammad Wilkerson,"$5,000,000  "
Tramon Williams,"$5,000,000  "
Dion Lewis,"$4,950,000  "
Mike Williams,"$4,937,482  "
Adam Thielen,"$4,811,500  "
Morgan Burnett,"$4,783,333  "
James Carpenter,"$4,775,000  "
Cameron Meredith,"$4,750,000  "
Michael Johnson,"$4,750,000  "
Leonard Williams,"$4,657,717  "
Roquan Smith,"$4,619,292  "
Nevin Lawson,"$4,600,000  "
Mike McGlinchey,"$4,585,430  "
DeForest Buckner,"$4,547,749  "
Jermaine Kearse,"$4,500,000  "
Matt Schaub,"$4,500,000  "
Justin Ellis,"$4,500,000  "
Marshawn Lynch,"$4,500,000  "
Rhett Ellison,"$4,500,000  "
Bradley McDougald,"$4,500,000  "
Brandon Mebane,"$4,500,000  "
D.J. Swearinger,"$4,500,000  "
Brooks Reed,"$4,400,000  "
Josh Rosen,"$4,399,439  "
Ben Jones,"$4,375,000  "
Captain Munnerlyn,"$4,375,000  "
James Hurst,"$4,375,000  "
Christian McCaffrey,"$4,310,326  "
Stephen Gostkowski,"$4,300,000  "
John Ross,"$4,278,966  "
Brandon Fusco,"$4,250,000  "
Terrance Williams,"$4,250,000  "
Duron Harmon,"$4,250,000  "
Cordarrelle Patterson,"$4,250,000  "
Graham Gano,"$4,250,000  "
Antoine Bethea,"$4,250,000  "
Chris Boswell,"$4,201,500  "
Justin Tucker,"$4,200,000  "
Kevin White,"$4,140,762  "
Cameron Erving,"$4,139,610  "
Minkah Fitzpatrick,"$4,111,943  "
Patrick Mahomes,"$4,106,447  "
William Hayes,"$4,050,000  "
Mason Crosby,"$4,025,000  "
Earl Mitchell,"$4,000,000  "
Andrew Sendejo,"$4,000,000  "
Isaiah Crowell,"$4,000,000  "
Mike Wallace,"$4,000,000  "
Aaron Lynch,"$4,000,000  "
Daniel Sorensen,"$4,000,000  "
Preston Brown,"$4,000,000  "
Senio Kelemete,"$4,000,000  "
Chris Hogan,"$4,000,000  "
Marcus Gilchrist,"$4,000,000  "
Seth Roberts,"$4,000,000  "
James White,"$4,000,000  "
Seantrel Henderson,"$4,000,000  "
Bennie Logan,"$4,000,000  "
Ryan Succop,"$4,000,000  "
Corey Peters,"$4,000,000  "
Mike Glennon,"$4,000,000  "
Darren Fells,"$4,000,000  "
E.J. Gaines,"$4,000,000  "
Chris Smith,"$4,000,000  "
Mark Ingram,"$4,000,000  "
Jack Conklin,"$3,974,415  "
Thomas Morstead,"$3,962,500  "
Leonard Floyd,"$3,945,715  "
Daniel Kilgore,"$3,926,667  "
Patrick Chung,"$3,900,000  "
Garry Gilliam,"$3,875,000  "
Abry Jones,"$3,875,000  "
Cassius Marsh,"$3,850,000  "
Theo Riddick,"$3,850,000  "
Marshon Lattimore,"$3,839,891  "
Lawrence Guy,"$3,825,000  "
Matt Prater,"$3,800,000  "
Eli Apple,"$3,788,080  "
Brandon McManus,"$3,751,333  "
Bilal Powell,"$3,750,000  "
Cody Parkey,"$3,750,000  "
Domata Peko,"$3,750,000  "
Vita Vea,"$3,706,060  "
Ted Ginn Jr.,"$3,666,667  "
Adam Vinatieri,"$3,625,000  "
Vic Beasley,"$3,623,807  "
Da'Ron Payne,"$3,604,590  "
Ed Dickson,"$3,566,667  "
Vernon Hargreaves,"$3,544,415  "
Chris Thompson,"$3,503,400  "
Steve McLendon,"$3,500,000  "
Mike Pennel,"$3,500,000  "
Mitch Unrein,"$3,500,000  "
Johnny Hekker,"$3,500,000  "
Tavon Wilson,"$3,500,000  "
Vincent Rey,"$3,500,000  "
Wesley Woodyard,"$3,500,000  "
Willie Snead,"$3,500,000  "
Deshaun Watson,"$3,463,570  "
Marcus Davenport,"$3,435,474  "
Cole Beasley,"$3,401,500  "
Sam Martin,"$3,400,069  "
Bryan Anger,"$3,400,000  "
Jonathan Stewart,"$3,400,000  "
Barkevious Mingo,"$3,400,000  "
Alex Okafor,"$3,393,750  "
Haason Reddick,"$3,369,492  "
Kolton Miller,"$3,367,831  "
Matt Bryant,"$3,366,667  "
Chad Henne,"$3,350,000  "
Terrance Mitchell,"$3,333,333  "
Ryan Fitzpatrick,"$3,300,000  "
Ross Cockrell,"$3,300,000  "
Jordan Poyer,"$3,250,000  "
Colt McCoy,"$3,250,000  "
Rex Burkhead,"$3,250,000  "
Sam Koch,"$3,250,000  "
Drew Stanton,"$3,250,000  "
Trae Waynes,"$3,236,092  "
Derek Barnett,"$3,212,693  "
Sheldon Rankins,"$3,200,412  "
Ramon Foster,"$3,200,000  "
Anthony Barr,"$3,185,875  "
Christian Jones,"$3,175,000  "
Tremaine Edmunds,"$3,164,886  "
Malik Hooker,"$3,149,977  "
Johnson Bademosi,"$3,125,000  "
Laremy Tunsil,"$3,114,413  "
Derwin James,"$3,097,239  "
Jaire Alexander,"$3,012,672  "
Haloti Ngata,"$3,000,000  "
Greg Mancz,"$3,000,000  "
Jason McCourty,"$3,000,000  "
Ryan Griffin,"$3,000,000  "
David Andrews,"$3,000,000  "
Lee Smith,"$3,000,000  "
Akeem Spence,"$3,000,000  "
Brett Kern,"$3,000,000  "
Tyson Alualu,"$3,000,000  "
Phil Dawson,"$3,000,000  "
Tramaine Brock,"$3,000,000  "
Lorenzo Alexander,"$2,975,000  "
Karl Joseph,"$2,971,079  "
Leighton Vander Esch,"$2,961,945  "
Marlon Humphrey,"$2,961,870  "
K'Waun Williams,"$2,950,000  "
Steven Hauschka,"$2,950,000  "
Frank Ragnow,"$2,945,035  "
Jack Crawford,"$2,933,333  "
Billy Price,"$2,928,123  "
Danny Shelton,"$2,925,917  "
Quincy Enunwa,"$2,914,000  "
Nick Easton,"$2,914,000  "
Brett Jones,"$2,914,000  "
Adam Humphries,"$2,914,000  "
Ty Nsekhe,"$2,914,000  "
Ben Garland,"$2,914,000  "
David Irving,"$2,914,000  "
Justin Coleman,"$2,914,000  "
Tyrell Williams,"$2,914,000  "
Corey Grant,"$2,914,000  "
Shaquil Barrett,"$2,914,000  "
Matt Paradis,"$2,914,000  "
Jonathan Allen,"$2,899,094  "
Rashaan Evans,"$2,894,298  "
Virgil Green,"$2,866,667  "
Isaiah Wynn,"$2,860,476  "
Da'Norris Searcy,"$2,850,000  "
Andrus Peat,"$2,848,374  "
Adoree' Jackson,"$2,820,696  "
Brock Coyle,"$2,800,000  "
Britton Colquitt,"$2,800,000  "
D.J. Moore,"$2,792,829  "
O.J. Howard,"$2,773,655  "
Hayden Hurst,"$2,759,007  "
Garett Bolles,"$2,757,976  "
Sam Acho,"$2,750,000  "
Chris Ivory,"$2,750,000  "
Jaron Brown,"$2,750,000  "
Lerentee McCray,"$2,750,000  "
Jarrad Davis,"$2,742,296  "
Taylor Decker,"$2,741,745  "
Calvin Ridley,"$2,725,178  "
DeVante Parker,"$2,719,136  "
Charles Harris,"$2,710,935  "
Rashaad Penny,"$2,691,360  "
Keanu Neal,"$2,684,411  "
Evan Engram,"$2,679,576  "
Stefen Wisniewski,"$2,675,000  "
Terrell Edmunds,"$2,674,447  "
Melvin Gordon,"$2,667,443  "
Kevin Huber,"$2,650,000  "
Kevin Pierre-Louis,"$2,625,000  "
Andy Lee,"$2,625,000  "
Cody Davis,"$2,625,000  "
Gareon Conley,"$2,616,856  "
Ryan Kelly,"$2,612,746  "
Matthew Slater,"$2,600,000  "
Jabrill Peppers,"$2,585,497  "
Shaq Lawson,"$2,569,744  "
Darron Lee,"$2,555,412  "
Takkarist McKinley,"$2,554,133  "
Garrett Celek,"$2,550,000  "
Damien Williams,"$2,550,000  "
Will Fuller,"$2,541,078  "
Taven Bryan,"$2,538,740  "
Matt Bosher,"$2,531,000  "
Xavier Williams,"$2,525,000  "
Tre'Davious White,"$2,522,778  "
Josh Doctson,"$2,512,411  "
Kevin Johnson,"$2,512,353  "
Taco Charlton,"$2,507,097  "
Michael Palardy,"$2,506,667  "
Manti Te'o,"$2,500,000  "
Matt Slauson,"$2,500,000  "
Benjamin Ijalana,"$2,500,000  "
Christopher Conte,"$2,500,000  "
Chance Warmack,"$2,500,000  "
Ryan Groy,"$2,500,000  "
Russell Bodine,"$2,500,000  "
Dustin Colquitt,"$2,500,000  "
Luke Willson,"$2,500,000  "
Cameron Fleming,"$2,500,000  "
Kenny Wiggins,"$2,500,000  "
Nate Ebner,"$2,500,000  "
Reggie Nelson,"$2,500,000  "
Cody Latimer,"$2,500,000  "
Antonio Gates,"$2,500,000  "
Jarius Wright,"$2,500,000  "
Michael Schofield,"$2,500,000  "
Laquon Treadwell,"$2,483,745  "
Dustin Hopkins,"$2,483,333  "
Mike Hughes,"$2,466,871  "
Arik Armstead,"$2,460,658  "
William Jackson,"$2,426,411  "
Sony Michel,"$2,406,674  "
Artie Burns,"$2,397,745  "
Marcus Peters,"$2,396,039  "
David Njoku,"$2,381,274  "
Ryan Shazier,"$2,376,803  "
Brynden Trawick,"$2,375,000  "
Lamar Jackson,"$2,367,912  "
Josh Hill,"$2,366,667  "
Nelson Agholor,"$2,344,344  "
Kenny Clark,"$2,340,412  "
Alex Erickson,"$2,340,000  "
Cedric Ogbuehi,"$2,331,419  "
Joshua Garnett,"$2,326,078  "
T.J. Watt,"$2,314,642  "
Bud Dupree,"$2,305,571  "
Shane Ray,"$2,279,724  "
Reuben Foster,"$2,258,827  "
Chris Long,"$2,250,000  "
Greg Zuerlein,"$2,250,000  "
Austin Reiter,"$2,250,000  "
Kayvon Webster,"$2,250,000  "
D.J. Humphries,"$2,228,028  "
Ryan Ramczyk,"$2,222,889  "
Shaq Thompson,"$2,202,181  "
C.J. Mosley,"$2,197,001  "
Chris Jones,"$2,175,000  "
Byron Jones,"$2,150,485  "
Robert Nkemdiche,"$2,150,150  "
Tyler Larsen,"$2,150,000  "
Ja'Wuan James,"$2,107,100  "
Randy Bullock,"$2,102,500  "
Patrick DiMarco,"$2,100,000  "
Demetrius Harris,"$2,100,000  "
Shamar Stephen,"$2,100,000  "
Mike Adams,"$2,100,000  "
Marcedes Lewis,"$2,100,000  "
Vernon Butler,"$2,099,129  "
HaHa Clinton-Dix,"$2,084,625  "
Germain Ifedi,"$2,066,276  "
Margus Hunt,"$2,050,000  "
Dee Ford,"$2,039,675  "
Phillip Dorsett,"$2,033,854  "
Ryan Allen,"$2,033,333  "
Sebastian Janikowski,"$2,015,000  "
Al Woods,"$2,000,000  "
Benjamin Watson,"$2,000,000  "
Robbie Gould,"$2,000,000  "
Terrence Brooks,"$2,000,000  "
Evan Smith,"$2,000,000  "
Anthony Sherman,"$2,000,000  "
Derrick Shelby,"$2,000,000  "
LeGarrette Blount,"$2,000,000  "
Jamize Olawale,"$2,000,000  "
Johnathan Hankins,"$2,000,000  "
Michael Thomas,"$2,000,000  "
Daren Bates,"$2,000,000  "
Blaine Gabbert,"$2,000,000  "
Damion Square,"$2,000,000  "
Jon Bostic,"$2,000,000  "
A.Q. Shipley,"$2,000,000  "
Billy Turner,"$2,000,000  "
Lance Kendricks,"$2,000,000  "
Darqueze Dennard,"$1,994,725  "
Dan Bailey,"$1,983,333  "
Damarious Randall,"$1,978,934  "
Jason Verrett,"$1,972,251  "
Clinton McDonald,"$1,950,000  "
Stephone Anthony,"$1,932,929  "
Deone Bucannon,"$1,927,301  "
Jeff Heath,"$1,917,750  "
Brent Qvale,"$1,907,000  "
Neal Sterling,"$1,907,000  "
Josh Bellamy,"$1,907,000  "
Bryce Callahan,"$1,907,000  "
TJ Jones,"$1,907,000  "
Martavis Bryant,"$1,907,000  "
Dion Jordan,"$1,907,000  "
Quinton Spain,"$1,907,000  "
Jordan Berry,"$1,907,000  "
Anthony Chickillo,"$1,907,000  "
Malcom Brown,"$1,903,307  "
Josh Martin,"$1,900,000  "
Quinton Dunbar,"$1,900,000  "
Jordan Mills,"$1,900,000  "
James Develin,"$1,900,000  "
Austin Corbett,"$1,892,000  "
Ted Larsen,"$1,883,333  "
Will Hernandez,"$1,862,686  "
Josh Bynes,"$1,858,333  "
Dominique Easley,"$1,850,000  "
Derek Carrier,"$1,850,000  "
Nick Chubb,"$1,845,774  "
Darius Leonard,"$1,811,951  "
Pernell McPhee,"$1,800,000  "
Spencer Ware,"$1,800,000  "
Joe Thomas,"$1,800,000  "
Braden Smith,"$1,798,423  "
Jimmie Ward,"$1,778,134  "
Kevin King,"$1,770,221  "
Ronald Jones II,"$1,767,977  "
Cam Robinson,"$1,754,541  "
Pierre Desir,"$1,750,000  "
Chris Maragos,"$1,750,000  "
Sherrick McManis,"$1,750,000  "
Rafael Bush,"$1,750,000  "
Justin Bethel,"$1,750,000  "
Brandon LaFell,"$1,750,000  "
Neiko Thorpe,"$1,750,000  "
Connor Barwin,"$1,750,000  "
Roosevelt Nix,"$1,743,750  "
Malik McDowell,"$1,738,860  "
Bradley Roby,"$1,738,132  "
James Daniels,"$1,737,540  "
Michael Hoomanawanui,"$1,733,333  "
Andre Holmes,"$1,716,667  "
Corey Graham,"$1,715,000  "
Courtland Sutton,"$1,710,480  "
Budda Baker,"$1,707,501  "
Dekoda Watson,"$1,700,000  "
Mason Foster,"$1,700,000  "
Matt Longacre,"$1,698,438  "
Zay Jones,"$1,694,958  "
Harold Landry,"$1,683,422  "
Forrest Lamp,"$1,666,730  "
Craig Robertson,"$1,666,667  "
Mike Gesicki,"$1,652,981  "
Emmanuel Ogbah,"$1,652,410  "
Jacquizz Rodgers,"$1,650,000  "
Marcus Maye,"$1,638,510  "
Kerryon Johnson,"$1,625,923  "
Zach Kerr,"$1,625,000  "
Jaylon Smith,"$1,623,743  "
Curtis Samuel,"$1,613,421  "
Dante Pettis,"$1,600,140  "
Byron Bell,"$1,600,000  "
Hunter Henry,"$1,595,077  "
Dalvin Cook,"$1,588,334  "
Myles Jack,"$1,583,610  "
Josh Jackson,"$1,564,025  "
Marcus Williams,"$1,560,110  "
Chris Jones,"$1,557,807  "
Sidney Jones,"$1,535,023  "
Xavien Howard,"$1,532,010  "
Landon Collins,"$1,530,139  "
Breeland Speaks,"$1,525,128  "
Terrell McClain,"$1,525,000  "
Dennis Kelly,"$1,525,000  "
Nick Dzubnar,"$1,525,000  "
Donovan Smith,"$1,517,215  "
Tress Way,"$1,517,000  "
Gerald Everett,"$1,511,117  "
Noah Spence,"$1,509,075  "
Mario Edwards,"$1,504,291  "
Ethan Westbrooks,"$1,500,000  "
Pat O'Donnell,"$1,500,000  "
Bradley Sowell,"$1,500,000  "
Shawn Lauvao,"$1,500,000  "
Julian Stanford,"$1,500,000  "
Bruce Irvin,"$1,500,000  "
Levine Toilolo,"$1,500,000  "
Marcus Cooper,"$1,500,000  "
LaAdrian Waddle,"$1,500,000  "
Keith Smith,"$1,500,000  "
Jeremy Hill,"$1,500,000  "
J.R. Sweezy,"$1,500,000  "
D.J. Fluker,"$1,500,000  "
Kenny Vaccaro,"$1,500,000  "
Nick O'Leary,"$1,500,000  "
Tre Boston,"$1,500,000  "
Adrian Phillips,"$1,500,000  "
Marshall Newhouse,"$1,500,000  "
Sterling Shepard,"$1,486,143  "
Brian Hoyer,"$1,480,490  "
T.J. Yeldon,"$1,478,444  "
Adam Shaheen,"$1,477,634  "
Doug Martin,"$1,475,000  "
Christian Kirk,"$1,473,717  "
Reggie Ragland,"$1,460,343  "
Preston Smith,"$1,444,839  "
Quincy Wilson,"$1,441,569  "
Uchenna Nwosu,"$1,439,894  "
Kamalei Correa,"$1,437,410  "
Austin Johnson,"$1,415,557  "
Orlando Scandrick,"$1,415,000  "
Dallas Goedert,"$1,406,068  "
Marcus Sherels,"$1,400,000  "
Darren Sproles,"$1,400,000  "
Kevin Pamphile,"$1,400,000  "
Anthony Levine,"$1,400,000  "
Tyus Bowser,"$1,393,903  "
Eric Reid,"$1,390,000  "
Devin Funchess,"$1,380,222  "
Kyle Wilber,"$1,375,000  "
Connor Williams,"$1,372,247  "
Jeremiah Attaochu,"$1,365,000  "
Joe Mixon,"$1,362,544  "
Derrick Henry,"$1,351,982  "
Eric Kush,"$1,350,000  "
Walt Aikens,"$1,350,000  "
Mike Davis,"$1,350,000  "
Wes Horton,"$1,350,000  "
Benson Mayowa,"$1,350,000  "
Thurston Armbrister,"$1,350,000  "
Anthony Miller,"$1,338,425  "
Ryan Anderson,"$1,331,181  "
A'Shawn Robinson,"$1,308,409  "
Kemoko Turay,"$1,304,600  "
Chris Banjo,"$1,300,000  "
Deshazor Everett,"$1,300,000  "
Brandon King,"$1,300,000  "
Coty Sensabaugh,"$1,300,000  "
Justin Evans,"$1,299,824  "
Michael Thomas,"$1,279,743  "
M.J. Stewart,"$1,270,778  "
DeMarcus Walker,"$1,268,465  "
Darrius Heyward-Bey,"$1,266,667  "
Jason Spriggs,"$1,251,073  "
Dez Bryant,"$1,250,000  "
Russell Shepard,"$1,250,000  "
Kerry Wynn,"$1,250,000  "
Will Compton,"$1,250,000  "
Fozzy Whittaker,"$1,250,000  "
Angelo Blackson,"$1,240,000  "
DeShone Kizer,"$1,237,104  "
Jessie Bates III,"$1,236,954  "
Jarran Reed,"$1,222,409  "
Eric Rowe,"$1,219,966  "
Jalen Tabor,"$1,205,745  "
Donte Jackson,"$1,203,131  "
Brandon Copeland,"$1,200,000  "
Pita Taumoepenu,"$1,200,000  "
Colin Jones,"$1,200,000  "
Denzel Perryman,"$1,194,119  "
Nick Martin,"$1,193,743  "
Duke Dawson,"$1,186,219  "
P.J. Hall,"$1,176,069  "
Jake McQuaide,"$1,175,000  "
Raekwon McMillan,"$1,174,384  "
Mitch Morse,"$1,168,269  "
Vladimir Ducasse,"$1,166,667  "
Isaiah Oliver,"$1,159,161  "
Zak DeOssie,"$1,157,500  "
Nate Palmer,"$1,150,000  "
Beau Brinkley,"$1,150,000  "
Dalvin Tomlinson,"$1,143,025  "
Ronald Darby,"$1,142,423  "
Deion Jones,"$1,136,410  "
Derrius Guice,"$1,135,483  "
Kyle Love,"$1,130,000  "
James Washington,"$1,125,336  "
Ryan Griffin,"$1,125,000  "
Morgan Cox,"$1,120,000  "
Zach Cunningham,"$1,117,936  "
Clark Harris,"$1,115,000  "
DJ Chark,"$1,111,807  "
Su'a Cravens,"$1,107,742  "
Matt Cassel,"$1,105,000  "
Don Muhlbach,"$1,105,000  "
L.P. Ladouceur,"$1,105,000  "
Frank Gore,"$1,105,000  "
John Greco,"$1,105,000  "
John Denney,"$1,105,000  "
Mike Windt,"$1,102,500  "
Ethan Pocic,"$1,102,258  "
Brian O'Neill,"$1,101,660  "
Zach Line,"$1,100,000  "
Nick Sundberg,"$1,100,000  "
Luke Stocker,"$1,100,000  "
Robert Griffin III,"$1,100,000  "
J.J. Jansen,"$1,100,000  "
Carlton Davis,"$1,098,278  "
Tyquan Lewis,"$1,091,514  "
Jordan Phillips,"$1,090,727  "
Tanoh Kpassagnon,"$1,080,306  "
Mackensie Alexander,"$1,079,076  "
Joe Cardona,"$1,077,500  "
Derek Anderson,"$1,073,530  "
Chidobe Awuzie,"$1,070,897  "
Andrew DePaola,"$1,067,500  "
Jake Fisher,"$1,064,880  "
Charley Hughlett,"$1,061,667  "
Josh Jones,"$1,058,353  "
Cody Whitehair,"$1,056,142  "
Benny Cunningham,"$1,050,000  "
Joe Looney,"$1,050,000  "
Zach Zenner,"$1,050,000  "
JuJu Smith-Schuster,"$1,048,945  "
Dion Dawkins,"$1,045,810  "
Josh Harris,"$1,045,000  "
Adarius Taylor,"$1,040,000  "
Frostee Rucker,"$1,040,000  "
Taylor Moton,"$1,039,538  "
Ameer Abdullah,"$1,039,032  "
Aaron Brewer,"$1,037,500  "
Tyler Shatley,"$1,027,500  "
Brandon Parker,"$1,023,834  "
Sean Davis,"$1,021,743  "
Lorenzo Carter,"$1,020,871  "
Sam Beal,"$1,020,574  "
Chad Thomas,"$1,020,404  "
Kyle Nelson,"$1,020,000  "
Justin Reid,"$1,015,856  "
Jermon Bushrod,"$1,015,000  "
Garrison Sanborn,"$1,015,000  "
Adrian Peterson,"$1,015,000  "
Jon Condo,"$1,015,000  "
Mike Nugent,"$1,015,000  "
Ahtyba Rubin,"$1,015,000  "
Evander Hood,"$1,015,000  "
Donnie Jones,"$1,015,000  "
Maxx Williams,"$1,013,185  "
B.J. Hill,"$1,011,970  "
Davon House,"$1,005,000  "
Andre Roberts,"$1,005,000  "
Logan Paulsen,"$1,005,000  "
Nick Bellore,"$1,005,000  "
Ricky Jean Francois,"$1,005,000  "
Bobby Hart,"$1,005,000  "
Leon Hall,"$1,005,000  "
Dwayne Harris,"$1,005,000  "
Sam Shields,"$1,004,999  "
Ray-Ray Armstrong,"$1,000,000  "
Kevin McDermott,"$1,000,000  "
Tom Johnson,"$1,000,000  "
Kemal Ishmael,"$1,000,000  "
Nathan Stupar,"$1,000,000  "
MarQueis Gray,"$1,000,000  "
Geno Smith,"$1,000,000  "
Brent Urban,"$1,000,000  "
Fred Warner,"$994,831  "
Vonn Bell,"$993,075  "
James Bradberry,"$990,209  "
Ryan Hewitt,"$990,000  "
Kapri Bibbs,"$987,500  "
Royce Freeman,"$985,005  "
Adam Gotsis,"$984,476  "
Mason Rudolph,"$980,472  "
Markus Golden,"$979,583  "
Larry Ogunjobi,"$976,816  "
Jon Weeks,"$975,000  "
Ahkello Witherspoon,"$971,166  "
Nathan Shepherd,"$968,931  "
Alvin Kamara,"$964,443  "
John Simon,"$962,500  "
Dawuane Smoot,"$961,566  "
Ty Sambrailo,"$961,489  "
Cooper Kupp,"$957,940  "
Randy Gregory,"$953,734  "
Jerome Baker,"$952,300  "
Earl Watford,"$950,000  "
Pat Elflein,"$936,960  "
Geron Christian,"$936,748  "
Derrick Nnadi,"$936,400  "
Frank Clark,"$933,056  "
Dan Feeney,"$932,908  "
Jordan Richards,"$927,887  "
Daniel Brown,"$925,000  "
Derek Newton,"$922,500  "
Taywan Taylor,"$920,253  "
Michael Person,"$915,000  "
Mike Mitchell,"$915,000  "
Rishard Matthews,"$915,000  "
Austin Howard,"$915,000  "
Mark Sanchez,"$915,000  "
Josh Johnson,"$915,000  "
Bruce Carter,"$915,000  "
Zane Beadles,"$915,000  "
Kelvin Sheppard,"$915,000  "
Joe Webb,"$915,000  "
Shareece Wright,"$915,000  "
Kendrick Lewis,"$915,000  "
Andre Smith,"$915,000  "
Sam Young,"$915,000  "
Ramon Humber,"$915,000  "
Chris Clark,"$915,000  "
John Phillips,"$915,000  "
Joe Barksdale,"$915,000  "
Kevin Byard,"$908,572  "
Cyrus Jones,"$905,000  "
Sam Hubbard,"$904,800  "
Jordan Willis,"$904,350  "
Carson Tinker,"$903,542  "
Tom Compton,"$900,000  "
Brian Peters,"$900,000  "
Carl Nassib,"$899,716  "
Malik Jefferson,"$898,432  "
Rasheem Green,"$893,139  "
James Winchester,"$890,000  "
Chris Wormley,"$889,911  "
Maliek Collins,"$887,545  "
Martinas Rankin,"$886,567  "
C.J. Beathard,"$882,162  "
Michael Gallup,"$880,995  "
Bashaud Breeland,"$880,000  "
George Iloka,"$880,000  "
Dakota Dozier,"$880,000  "
Jonotthan Harrison,"$880,000  "
Phillip Gaines,"$880,000  "
Paul Worrilow,"$880,000  "
Richard Rodgers,"$880,000  "
